frame,prevBoxID,currBoxID,nMatches,TTC_camera
1,5,5,71,12.8456
2,5,3,74,15.381
3,3,5,84,14.5706
4,5,6,74,16.11
5,6,5,73,15.0719
6,5,6,70,15.7013
7,6,4,82,16.4773
8,4,5,87,13.7944
9,5,4,82,15.0607
10,4,4,88,12.2091
11,4,4,84,11.9035
12,4,4,87,11.5159
13,4,1,80,9.70509
14,1,1,78,10.316
15,1,1,81,9.47141
16,1,1,82,9.66336
17,1,1,82,8.97547
18,1,1,78,8.83807
