frame,prevBoxID,currBoxID,nMatches,TTC_camera
1,5,5,20,16.726
2,5,3,28,nan
3,3,5,35,43.3757
4,5,6,31,11.0997
5,6,5,32,44.3669
6,5,6,37,10.3512
7,6,4,38,nan
8,4,5,33,13.0029
9,5,4,17,nan
10,4,4,30,nan
11,4,4,30,7.11151
12,4,4,21,nan
13,4,1,33,6.88633
14,1,1,36,nan
15,1,1,24,9.60698
16,1,1,40,9.37082
17,1,1,27,11.5138
18,1,1,28,114.772
