frame,prevBoxID,currBoxID,nMatches,TTC_camera
1,5,5,50,14.2665
2,5,3,52,14.1987
3,3,5,51,21.7166
4,5,6,57,12.7426
5,6,5,56,21.1368
6,5,6,54,nan
7,6,4,67,11.5744
8,4,5,62,67.6362
9,5,4,57,10.1031
10,4,4,56,22.7772
11,4,4,54,9.71641
12,4,4,61,10.7828
13,4,1,65,10.6403
14,1,1,59,8.74114
15,1,1,57,7.80754
16,1,1,58,11.414
17,1,1,63,10.2716
18,1,1,65,7.68366
