frame,prevBoxID,currBoxID,nMatches,TTC_camera
1,5,5,86,16.5346
2,5,3,105,18.7842
3,3,5,132,14.0032
4,5,6,114,16.8692
5,6,5,97,27.6943
6,5,6,103,14.2805
7,6,4,110,17.6934
8,4,5,112,16.2659
9,5,4,115,15.8701
10,4,4,124,14.7937
11,4,4,113,11.5987
12,4,4,121,12.9339
13,4,1,120,11.2036
14,1,1,114,12.0253
15,1,1,114,12.6353
16,1,1,127,10.7651
17,1,1,138,7.95698
18,1,1,148,9.41986
