frame,prevBoxID,currBoxID,nMatches,TTC_camera
1,5,5,125,15.8377
2,5,3,124,11.4231
3,3,5,133,13.788
4,5,6,134,18.3487
5,6,5,129,24.2232
6,5,6,135,14.0247
7,6,4,137,17.8773
8,4,5,130,11.5895
9,5,4,130,17.6018
10,4,4,144,15.4196
11,4,4,141,9.79581
12,4,4,159,11.1718
13,4,1,160,10.5723
14,1,1,150,9.94054
15,1,1,153,9.69063
16,1,1,152,8.69364
17,1,1,145,9.22645
18,1,1,150,9.9932
