frame,prevBoxID,currBoxID,nMatches,TTC_camera
1,5,5,76,12.6513
2,5,3,74,13.7588
3,3,5,84,12.8945
4,5,6,81,18.0824
5,6,5,77,14.1338
6,5,6,76,12.8571
7,6,4,83,13.2275
8,4,5,85,13.0079
9,5,4,86,13.647
10,4,4,69,10.8567
11,4,4,76,10.7448
12,4,4,79,10.0315
13,4,1,75,8.72366
14,1,1,81,8.93909
15,1,1,72,8.50459
16,1,1,81,8.51992
17,1,1,64,8.33976
18,1,1,76,8.08104
